Year of arrival at port of disembarkation,Total embarked,Total disembarked,Percent men,Percent women,Percent children,Total died
1652,338,291,32.93,43.71,24.71,47
1657,680,225,23.63,14.29,62.5,455
1658,262,228,49.4,50.6,4.96,34
1659,195,85,27.5,72.5,5.88,110
1659,557,300,53.33,46.67,0.0,257
1660,338,291,82.22,15.56,2.22,47
1661,338,291,58.49,32.07,9.43,47
1663,373,150,35.33,64.67,0.0,223
1663,180,125,33.6,48.8,17.6,55
1663,259,197,54.32,34.52,11.17,62
1663,229,159,39.62,47.8,12.58,70
1663,224,175,46.86,41.71,11.43,49
1664,242,168,26.09,65.22,8.7,74
1664,267,185,22.7,64.32,12.97,82
1664,302,282,54.96,37.23,7.8,20
1664,346,272,51.35,33.98,14.67,74
1664,112,90,50.0,26.67,23.33,22
1664,421,348,53.33,46.67,0.0,73
1664,400,307,54.72,42.34,2.93,93
1664,245,170,42.01,53.25,4.73,75
1664,398,276,42.75,51.45,5.8,122
1664,256,178,51.12,37.64,11.24,78
1664,209,145,57.25,42.75,0.0,64
1664,294,230,53.48,36.09,10.44,64
1664,280,194,42.27,57.73,0.0,86
1664,478,363,55.37,37.47,7.16,115
1664,278,193,25.91,58.55,15.54,85
1664,330,330,53.94,38.18,7.88,0
1665,341,237,37.97,51.48,10.55,104
1665,300,243,61.0,37.0,2.0,57
1665,268,186,29.46,38.39,32.14,82
1665,195,152,49.64,40.88,9.49,43
1665,275,215,57.67,36.28,6.05,60
1665,666,462,17.53,31.82,50.65,204
1665,251,174,32.26,41.13,26.61,77
1665,278,211,35.54,58.29,6.16,67
1665,474,329,54.71,33.74,11.55,145
1665,259,244,43.03,50.41,6.56,15
1666,576,400,44.75,52.0,3.25,176
1666,147,102,32.35,42.16,25.49,45
1666,215,149,57.05,38.93,4.03,66
1668,259,207,85.86,12.12,2.02,52
1668,280,219,89.0,5.0,6.0,61
1672,935,664,52.54,24.5,22.96,271
1673,275,220,70.91,24.54,4.54,55
1674,327,262,60.69,35.5,3.82,65
1674,531,415,58.17,41.83,2.65,116
1674,342,322,65.22,28.88,5.9,20
1674,399,277,40.3,47.91,11.79,122
1674,291,202,48.96,41.15,9.9,89
1674,215,204,54.19,30.05,15.76,11
1674,377,280,62.14,26.07,11.79,97
1675,333,231,37.23,54.54,8.22,102
1675,462,351,71.51,26.21,2.28,111
1675,521,417,51.8,41.73,6.47,104
1675,407,318,58.97,39.42,1.6,89
1675,151,105,33.33,58.1,8.57,46
1675,563,458,72.32,25.0,2.68,105
1675,396,317,79.18,15.14,5.68,79
1675,91,73,73.97,26.03,0.0,18
1675,387,310,62.58,33.55,3.87,77
1675,408,319,58.97,39.42,1.6,89
1675,409,328,63.72,34.45,1.83,81
1675,104,72,38.89,36.11,25.0,32
1675,157,109,45.71,40.95,13.33,48
1675,301,209,46.86,46.38,6.76,92
1676,343,242,38.02,52.89,9.09,101
1676,256,220,41.36,50.45,8.18,36
1676,315,224,38.14,49.77,12.09,91
1676,600,574,72.82,21.43,5.75,26
1676,391,313,67.09,30.99,1.92,78
1676,400,324,65.12,33.33,1.54,76
1676,250,198,36.36,52.02,11.62,52
1676,144,100,35.0,54.0,11.0,44
1676,235,163,38.65,57.06,4.29,72
1676,133,92,30.44,56.52,13.04,41
1676,251,174,39.66,56.9,3.45,77
1676,302,286,63.29,29.37,7.34,16
1676,430,372,52.96,37.37,9.68,58
1676,256,178,49.44,44.94,5.62,78
1676,232,161,46.75,48.7,4.54,71
1677,194,155,58.71,38.71,2.58,39
1677,437,375,52.8,24.27,22.93,62
1677,340,240,66.67,22.5,10.83,100
1677,512,400,71.25,26.75,2.0,112
1677,611,477,56.96,36.92,6.12,134
1677,222,154,34.68,46.77,18.55,68
1677,219,152,32.9,63.82,3.29,67
1677,173,120,51.67,39.17,9.17,53
1677,475,371,65.23,29.38,5.39,104
1677,410,167,44.91,44.91,10.18,243
1678,766,582,63.23,30.58,6.19,184
1678,376,286,55.59,32.87,11.54,90
1678,199,138,42.06,55.14,2.8,61
1678,350,280,52.86,33.21,13.93,70
1678,219,152,34.87,60.53,4.61,67
1678,283,245,61.29,38.71,0.0,38
1678,348,268,52.65,39.02,8.33,80
1678,465,372,44.44,40.33,15.23,93
1678,417,329,48.76,42.28,8.95,88
1678,447,385,48.83,38.44,12.73,62
1678,497,388,35.05,51.8,13.14,109
1678,238,186,54.11,31.51,14.38,52
1678,418,318,61.32,31.45,7.23,100
1678,125,87,71.26,28.74,0.0,38
1678,300,234,41.88,39.74,18.38,66
1679,505,293,44.68,40.07,15.25,212
1679,311,216,41.32,56.89,1.8,95
1679,217,197,61.42,33.0,5.58,20
1679,320,200,47.87,38.3,13.83,120
1679,51,40,67.5,32.5,0.0,11
1679,254,239,70.65,23.88,5.47,15
1679,356,172,41.86,47.67,10.46,184
1679,191,152,42.74,48.72,8.55,39
1679,151,105,43.81,37.14,19.05,46
1679,278,193,36.14,53.01,10.84,85
1679,209,177,48.26,44.78,6.97,32
1679,223,176,44.19,55.81,0.0,47
1679,207,184,37.5,50.0,12.5,23
1679,230,218,32.96,53.63,13.41,12
1679,270,244,46.24,49.8,3.95,26
1680,551,478,42.16,39.32,18.52,73
1680,182,126,38.84,53.72,7.44,56
1680,251,174,57.58,24.24,18.18,77
1680,277,216,42.33,46.01,11.66,61
1680,565,490,43.19,26.6,30.21,75
1680,560,400,49.87,40.05,10.08,160
1680,410,325,48.0,45.54,6.46,85
1680,71,59,59.32,32.2,8.48,12
1680,622,473,37.26,50.13,12.6,149
1680,307,182,48.86,47.73,3.41,125
1680,170,141,32.41,46.3,21.3,29
1680,330,298,37.08,55.78,7.14,32
1680,708,476,54.22,29.11,16.67,232
1680,207,144,44.19,38.37,17.44,63
1680,520,479,55.51,29.24,15.25,41
1680,214,180,57.86,32.58,9.55,34
1681,212,73,40.0,51.43,8.57,139
1681,227,162,31.68,55.9,12.42,65
1681,479,415,28.9,36.88,34.22,64
1681,408,310,32.17,50.0,17.83,98
1681,235,59,47.73,38.64,13.64,176
1681,250,172,71.51,22.09,6.4,78
1681,66,55,74.54,23.64,1.82,11
1681,70,67,68.66,13.43,17.91,3
1681,288,219,39.27,39.27,21.46,69
1681,213,199,62.24,30.1,7.65,14
1681,146,101,43.66,40.84,15.49,45
1681,549,476,30.46,39.71,29.83,73
1681,228,174,70.2,26.49,3.31,54
1681,529,470,42.55,36.81,20.64,59
1681,320,175,35.44,50.63,13.92,145
1681,232,130,33.85,59.23,6.92,102
1681,155,118,40.66,56.04,3.3,37
1681,500,321,49.5,39.8,10.7,179
1681,492,410,43.43,40.15,16.41,82
1681,400,170,30.12,62.05,7.83,230
1681,550,504,42.86,52.86,4.29,46
1681,83,77,37.33,57.33,5.33,6
1681,469,407,37.56,46.77,15.67,62
1682,672,511,52.84,31.12,16.05,161
1682,315,300,41.14,42.81,16.05,15
1682,280,163,35.22,57.23,7.55,117
1682,395,296,42.37,37.97,19.66,99
1682,160,70,55.71,44.29,0.0,90
1682,686,521,44.44,36.73,18.83,165
1682,467,355,45.43,42.48,12.09,112
1682,100,90,70.46,27.27,2.27,10
1682,200,180,66.28,33.72,0.0,20
1682,218,178,39.31,52.6,8.09,40
1682,146,119,29.35,58.7,11.96,27
1682,164,114,32.71,58.88,8.41,50
1683,448,221,43.52,42.49,13.99,227
1683,531,231,40.19,33.18,26.64,300
1683,260,175,41.14,42.86,16.0,85
1683,196,176,50.29,36.26,13.45,20
1683,170,147,40.38,34.62,25.0,23
1684,270,234,44.9,36.74,18.37,36
1684,529,459,45.53,29.63,24.84,70
1684,651,495,52.73,36.36,10.91,156
1684,130,110,79.23,16.92,3.85,20
1684,90,74,76.06,21.13,2.82,16
1684,311,216,40.28,48.61,11.11,95
1684,343,235,35.74,44.26,20.0,108
1684,330,134,48.51,42.54,8.96,196
1684,153,136,42.75,45.04,12.21,17
1684,230,215,67.44,29.77,2.79,15
1684,530,443,53.42,41.71,4.88,87
1684,610,580,54.58,24.7,20.72,30
1684,320,256,48.44,40.62,10.94,64
1684,200,139,46.56,39.7,13.74,61
1684,397,306,61.54,25.08,13.38,91
1684,437,427,47.56,20.24,32.2,10
1685,258,179,51.72,37.93,10.34,79
1685,384,262,36.63,50.0,13.37,122
1685,373,289,40.91,50.0,9.09,84
1685,268,204,37.93,45.81,16.26,64
1685,310,242,40.08,59.92,0.0,68
1686,267,111,24.59,60.66,14.75,156
1686,153,146,69.86,27.4,2.74,7
1686,651,321,56.63,34.95,8.41,330
1686,217,192,80.18,17.05,2.76,25
1686,117,103,76.07,21.37,2.56,14
1686,77,68,77.92,11.69,10.39,9
1686,457,347,39.18,29.47,31.35,110
1686,35,30,70.0,20.0,10.0,5
1686,218,166,45.51,40.38,14.1,52
1686,267,203,48.42,37.9,13.68,64
1686,535,394,49.15,33.33,17.51,141
1686,624,474,40.13,38.41,21.46,150
1686,582,442,50.12,34.34,15.54,140
1686,200,187,71.89,22.7,5.4,13
1686,278,211,60.19,27.96,11.85,67
1686,180,125,54.65,45.35,0.0,55
1686,319,277,42.24,31.41,26.35,42
1686,400,246,52.65,36.28,11.06,154
1686,426,369,49.58,33.24,17.18,57
1686,492,374,50.42,36.7,12.88,118
1686,279,158,52.03,36.49,11.49,121
1686,201,153,60.0,34.54,5.46,48
1686,170,145,56.3,34.45,9.24,25
1686,121,84,34.52,35.71,29.76,37
1686,366,317,41.32,33.75,24.92,49
1686,120,43,43.24,51.35,5.4,77
1686,200,187,43.24,51.35,5.4,13
1687,110,80,84.54,15.46,0.0,30
1687,525,443,73.52,26.48,0.0,82
1687,429,326,51.13,33.66,15.21,103
1687,281,236,46.46,36.73,16.81,45
1687,375,369,56.51,27.88,15.61,6
1687,140,102,79.79,12.77,7.45,38
1687,524,454,35.04,34.38,30.58,70
1687,464,353,62.02,27.0,10.98,111
1688,380,331,41.09,42.9,16.01,49
1688,467,355,35.94,44.64,19.42,112
1688,250,238,52.91,34.92,12.17,12
1688,575,437,42.62,35.13,22.25,138
1688,430,420,41.19,44.52,14.29,10
1688,482,406,68.46,31.54,0.0,76
1688,150,140,75.0,17.86,7.14,10
1688,120,95,87.1,8.6,4.3,25
1689,415,259,38.67,55.47,5.86,156
1689,188,143,45.61,43.86,10.53,45
1689,282,246,86.26,12.64,1.1,36
1689,500,500,46.4,35.2,18.4,0
1689,562,436,50.0,36.62,13.38,126
1689,300,253,91.3,8.7,0.0,47
1689,662,503,50.4,35.66,13.94,159
1689,150,129,79.07,14.73,6.2,21
1690,400,359,61.0,28.13,10.86,41
1690,555,422,65.64,26.54,7.82,133
1691,118,104,85.71,14.29,0.0,14
1691,598,460,46.43,33.48,20.09,138
1691,635,580,56.65,28.84,14.51,55
1691,160,155,51.63,32.68,15.69,5
1691,174,150,72.79,24.49,2.72,24
1691,572,435,58.47,34.57,6.96,137
1691,460,445,68.02,31.03,0.95,15
1692,530,472,47.29,42.52,10.2,58
1692,208,184,66.3,30.98,2.72,24
1692,624,500,55.17,44.83,10.31,124
1692,635,584,55.23,28.99,15.78,51
1693,598,288,61.46,32.29,6.25,310
1693,413,314,58.92,31.85,9.24,99
1693,111,86,79.07,20.93,0.0,25
1693,421,401,64.09,23.94,11.97,20
1693,450,275,74.43,14.5,11.07,175
1693,738,729,59.46,26.63,13.92,9
1694,542,470,58.3,32.34,9.36,72
1694,600,486,49.59,32.44,17.97,114
1694,600,573,53.76,37.13,9.11,27
1694,446,357,37.26,33.61,29.13,89
1694,700,372,66.13,26.88,6.99,328
1694,650,195,48.72,42.05,9.23,455
1694,729,705,53.76,31.92,14.33,24
1694,484,452,61.28,26.55,12.17,32
1694,400,383,80.94,13.58,5.48,17
1695,111,110,53.7,40.74,5.56,1
1695,586,498,43.76,41.92,14.32,88
1695,202,178,78.65,17.98,3.37,24
1695,618,596,40.44,44.97,14.6,22
1695,200,196,78.65,17.98,3.37,4
1695,133,131,74.05,25.19,0.76,2
1696,605,502,46.65,46.23,7.11,103
1697,562,512,58.97,38.07,2.96,50
1697,616,430,58.73,33.26,8.02,186
1697,145,102,47.59,39.31,13.1,43
1698,506,280,29.54,48.48,26.43,226
1698,212,147,48.11,25.0,26.89,65
1698,733,624,67.39,29.47,3.14,109
1698,146,111,54.96,42.34,2.7,35
1698,360,345,43.98,45.78,10.24,15
1698,678,515,42.63,41.29,16.09,163
1698,151,151,62.91,33.11,3.97,0
1699,291,221,60.18,34.84,4.98,70
1699,548,531,63.83,32.19,3.98,17
1699,521,353,34.84,50.42,14.73,168
1699,167,127,33.07,42.52,24.41,40
1699,629,530,39.92,47.04,13.04,99
1699,573,500,46.52,51.02,2.46,73
1700,169,149,65.18,31.25,3.57,20
1700,600,466,44.12,50.29,5.59,134
1700,450,382,41.58,38.14,20.28,68
1700,191,149,38.36,38.36,23.29,42
1700,542,238,30.25,50.0,19.75,304
1700,552,492,52.09,43.18,4.74,60
1700,376,301,43.19,39.87,16.94,75
1700,606,376,36.84,46.2,16.96,230
1700,375,285,42.46,44.91,12.63,90
1700,52,46,48.89,51.11,0.0,6
1700,458,252,27.39,56.85,15.76,206
1700,224,200,45.99,42.78,11.23,24
1700,132,92,51.06,48.94,0.0,40
1701,221,191,37.17,43.98,18.85,30
1701,414,353,31.73,38.24,30.03,61
1701,224,204,39.8,23.88,36.32,20
1701,417,373,69.89,17.2,12.9,44
1701,674,642,47.03,22.55,30.42,32
1701,420,386,41.99,27.31,30.7,34
1701,499,430,55.71,32.87,11.42,69
1701,365,315,61.33,35.08,3.59,50
1701,690,671,47.12,22.33,30.55,19
1701,762,647,61.52,31.84,6.65,115
1701,664,459,53.86,33.33,12.8,205
1701,356,303,37.92,40.52,21.56,53
1701,75,57,32.5,45.0,22.5,18
1701,209,178,47.75,29.78,22.47,31
1702,350,300,67.89,19.27,12.84,50
1702,102,88,57.3,15.73,26.97,14
1702,254,216,49.58,34.58,15.83,38
1702,473,409,23.95,55.8,20.25,64
1702,549,468,39.23,37.19,23.58,81
1702,144,136,36.96,43.48,19.56,8
1702,292,222,47.3,38.29,14.41,70
1702,193,165,30.85,39.36,29.79,28
1702,289,191,37.17,43.98,18.85,98
1702,176,117,60.63,25.2,14.17,59
1702,247,211,61.29,29.03,9.68,36
1703,261,223,52.75,31.19,16.06,38
1703,228,208,20.98,45.37,34.62,20
1703,126,108,71.3,9.26,19.44,18
1703,178,163,57.06,42.33,0.61,15
1703,542,502,58.67,22.32,19.0,40
1703,161,161,83.23,9.32,7.45,0
1703,571,458,50.34,30.93,18.74,113
1703,325,281,41.67,50.69,7.64,44
1704,401,174,41.55,36.62,21.83,227
1704,349,295,42.27,43.3,14.43,54
1704,181,140,35.0,40.0,25.0,41
1704,510,466,61.22,22.44,16.34,44
1704,400,378,86.47,7.96,5.57,22
1704,382,321,62.85,26.21,10.94,61
1704,160,143,38.75,37.5,23.75,17
1704,100,81,97.5,1.25,1.25,19
1704,332,286,33.92,27.97,38.11,46
1704,300,273,61.03,31.25,7.72,27
1704,265,219,52.75,31.19,16.06,46
1704,366,224,63.39,30.36,6.25,142
1705,600,536,41.98,30.6,27.42,64
1705,304,238,51.68,28.57,19.75,66
1705,557,435,51.92,32.05,16.03,122
1705,590,539,41.48,37.88,20.64,51
1705,550,400,47.27,30.13,22.6,150
1705,180,176,50.29,22.54,27.17,4
1705,550,290,39.0,42.0,19.0,260
1705,615,556,61.82,21.42,16.76,59
1705,209,197,38.46,61.54,1.02,12
1705,188,166,39.76,43.37,16.87,22
1705,667,562,62.78,21.77,15.45,105
1705,771,667,57.46,22.96,19.58,104
1705,473,399,65.96,30.44,3.59,74
1705,548,421,49.88,40.38,9.74,127
1705,635,615,59.88,21.59,18.53,20
1705,348,284,44.64,45.36,10.0,64
1705,141,113,28.32,50.44,21.24,28
1706,330,285,29.47,35.79,34.74,45
1706,430,358,33.24,40.22,26.54,72
1706,547,394,56.67,32.18,11.15,153
1706,190,177,66.32,33.68,0.0,13
1706,198,176,29.65,37.79,32.56,22
1706,705,650,56.31,21.84,21.84,55
1706,210,180,35.26,41.04,23.7,30
1706,563,510,38.37,34.39,27.24,53
1706,140,126,40.32,34.68,25.0,14
1706,104,101,70.19,19.23,10.58,3
1707,534,507,58.7,31.3,10.0,27
1707,536,428,66.6,33.02,0.37,108
1707,536,457,61.31,22.4,16.29,79
1707,447,393,53.94,40.71,5.34,54
1707,78,75,62.5,25.0,12.5,3
1707,121,115,51.75,38.6,9.65,6
1707,222,199,68.37,17.86,13.78,23
1707,740,601,57.65,29.93,12.42,139
1707,558,439,67.38,32.08,0.54,119
1707,487,420,63.57,17.83,18.6,67
1707,202,165,50.76,23.48,27.41,37
1708,140,123,58.97,11.97,29.06,17
1708,531,500,64.89,16.81,18.3,31
1708,550,507,76.18,15.94,7.87,43
1708,120,110,70.91,25.46,3.64,10
1708,301,287,47.74,26.13,26.13,14
1708,300,283,47.86,33.93,18.21,17
1708,250,235,55.6,36.64,7.76,15
1708,180,145,64.14,23.45,12.41,35
1708,603,525,70.04,19.08,10.88,78
1708,64,51,62.74,25.49,11.76,13
1708,83,75,45.46,50.0,4.54,8
1708,260,212,65.57,14.15,20.28,48
1708,103,84,39.29,32.14,28.57,19
1708,613,463,68.19,31.16,0.65,150
1708,425,171,52.24,36.0,11.76,254
1709,523,464,61.85,35.13,3.02,59
1709,65,52,61.54,38.46,0.0,13
1709,491,435,48.39,33.18,18.43,56
1709,307,284,53.85,34.62,11.54,23
1709,398,187,75.82,12.09,12.09,211
1709,163,145,66.9,26.76,6.34,18
1709,56,48,43.59,35.9,20.51,8
1709,370,313,72.52,17.25,10.22,57
1710,433,374,52.1,35.98,11.92,59
1710,373,318,49.23,46.75,4.03,55
1710,139,83,74.44,24.06,1.5,56
1710,306,288,54.39,25.61,20.0,18
1710,300,251,39.44,35.06,25.5,49
1710,245,200,67.0,13.0,20.0,45
1711,200,161,60.36,24.32,15.32,39
1712,611,571,67.59,30.77,1.64,40
1712,219,200,69.43,13.99,16.58,19
1712,270,220,73.11,11.79,15.09,50
1712,585,476,65.58,33.22,1.2,109
1713,157,130,59.35,23.58,17.07,27
1713,150,124,42.0,48.0,10.0,26
1714,280,261,56.79,32.5,10.71,19
1714,195,80,43.08,18.97,37.95,115
1714,360,240,33.33,66.67,16.67,120
1714,572,557,72.4,24.37,3.23,15
1714,192,154,44.8,29.87,25.32,38
1714,287,273,63.76,20.56,15.68,14
1714,204,200,45.5,29.0,25.5,4
1714,253,188,63.98,31.75,4.26,65
1714,181,164,45.73,30.49,23.78,17
1714,200,184,68.5,25.5,6.0,16
1714,37,33,70.27,29.73,0.0,4
1714,43,43,68.29,31.71,4.65,0
1714,171,153,43.28,36.57,24.11,18
1714,277,226,53.54,13.27,33.19,51
1714,265,216,35.51,26.17,38.32,49
1714,270,230,47.73,34.09,18.18,40
1714,287,229,34.25,33.15,32.6,58
1714,620,548,56.13,33.55,10.32,72
1714,375,350,66.14,14.09,19.77,25
1714,320,294,58.16,35.71,6.12,26
1715,560,500,46.0,34.0,20.0,60
1715,102,79,65.69,21.57,12.74,23
1715,397,372,56.68,29.47,13.85,25
1715,215,208,59.71,20.39,19.9,7
1715,417,365,34.8,21.64,43.56,52
1715,110,80,72.5,27.5,0.0,30
1715,242,202,37.93,31.53,30.54,40
1715,546,459,51.87,30.48,17.65,87
1715,260,220,57.72,42.28,0.0,40
1715,120,118,9.09,74.75,16.16,2
1715,375,300,38.67,33.33,28.0,75
1715,145,118,75.46,6.36,20.35,27
1715,521,495,67.27,12.93,19.8,26
1715,216,177,70.91,27.27,1.82,39
1715,470,398,41.62,23.35,35.02,72
1715,467,362,71.82,18.78,9.39,105
1715,164,100,36.67,23.33,40.0,64
1715,504,437,63.62,14.87,21.51,67
1716,437,377,49.66,39.46,10.88,60
1716,200,50,48.0,32.0,20.0,150
1716,487,403,62.09,37.91,9.21,84
1716,273,219,36.99,27.4,35.62,54
1716,260,250,61.95,38.05,18.0,10
1716,411,402,37.97,62.02,20.74,9
1716,270,257,57.2,42.8,0.0,13
1716,74,49,37.7,54.1,8.2,25
1716,190,95,26.32,40.0,33.68,95
1716,153,82,37.8,43.9,18.29,71
1716,650,543,78.22,11.46,10.32,107
1716,450,320,46.18,22.57,31.25,130
1716,100,80,48.75,30.0,21.25,20
1716,532,513,53.67,19.5,26.83,19
1716,257,242,69.26,24.9,5.84,15
1716,153,136,81.7,13.07,5.23,17
1716,302,260,57.27,42.73,0.0,42
1716,200,174,68.26,11.98,19.76,26
1716,462,420,62.38,8.09,29.52,42
1716,270,242,64.65,35.35,0.0,28
1716,145,141,65.75,26.71,7.53,4
1716,71,64,66.2,22.54,11.27,7
1716,213,70,25.71,31.43,42.86,143
1716,370,162,43.94,28.79,27.27,208
1716,407,407,55.77,17.94,26.29,0
1716,408,350,45.43,26.86,27.71,58
1716,260,206,68.84,19.1,12.06,54
1716,358,321,50.16,31.31,18.53,37
1716,194,194,66.5,13.4,20.1,0
1716,152,104,43.27,25.96,30.77,48
1716,331,300,66.67,18.33,15.0,31
1717,91,73,10.96,24.66,64.38,18
1717,424,340,54.71,22.06,23.24,84
1717,418,401,48.63,19.95,31.42,17
1717,232,202,52.48,26.24,21.29,30
1717,134,110,27.93,45.04,27.03,24
1717,315,280,67.86,12.86,19.29,35
1717,107,86,21.5,51.4,27.1,21
1717,362,290,47.24,31.03,21.72,72
1717,294,285,51.58,23.51,24.91,9
1717,160,139,37.31,21.64,41.04,21
1717,183,179,53.0,7.1,39.89,4
1717,523,486,51.95,33.26,14.78,37
1717,310,278,51.08,36.69,12.23,32
1717,516,455,45.72,39.3,14.97,61
1717,248,203,49.75,25.62,24.63,45
1717,200,200,55.56,44.44,5.26,0
1717,436,306,42.31,26.54,31.15,130
1717,174,156,47.33,22.0,30.67,18
1718,683,449,51.53,24.79,23.68,234
1718,92,84,70.65,23.91,5.44,8
1718,59,54,71.19,20.34,8.48,5
1718,83,76,66.26,18.07,15.66,7
1718,219,189,39.15,46.56,14.29,30
1718,535,426,45.54,23.47,30.99,109
1718,464,298,48.84,41.53,9.64,166
1718,291,266,37.97,36.84,25.19,25
1718,141,117,46.73,25.23,28.7,24
1718,260,249,68.68,25.3,6.02,11
1718,191,171,79.58,12.57,7.85,20
1718,195,145,45.11,38.35,16.54,50
1718,530,459,47.06,25.05,27.89,71
1718,309,282,40.78,19.86,39.36,27
1718,138,116,35.65,45.22,19.13,22
1718,205,178,50.0,24.72,25.28,27
1718,140,112,10.71,47.32,41.96,28
1718,105,95,29.47,40.0,30.53,10
1718,133,119,60.81,10.81,28.38,14
1718,367,294,45.24,31.97,22.79,73
1718,250,200,40.0,24.5,35.5,50
1718,216,164,63.42,23.17,17.44,52
1719,180,162,22.84,48.76,28.4,18
1719,214,214,43.46,19.16,37.38,0
1719,282,250,46.0,20.8,33.2,32
1719,357,295,35.09,17.54,47.37,62
1719,52,42,23.81,59.52,16.67,10
1719,239,149,30.2,33.56,36.24,90
1719,43,40,86.05,4.65,9.3,3
1719,161,143,44.06,47.55,8.39,18
1719,211,169,37.5,25.83,36.67,42
1719,122,98,64.29,17.35,18.37,24
1719,105,93,40.86,53.76,5.38,12
1719,120,118,49.15,45.76,5.08,2
1719,112,99,48.32,42.7,8.99,13
1719,180,154,81.17,13.64,5.2,26
1719,112,99,74.11,18.75,7.14,13
1719,218,193,90.37,9.17,0.46,25
1719,219,196,80.36,11.87,7.76,23
1719,254,241,63.07,24.9,12.03,13
1719,200,162,65.62,30.63,3.75,38
1719,492,412,78.12,21.88,0.0,80
1719,440,372,44.36,16.13,39.52,68
1719,231,198,56.06,32.32,11.62,33
1719,215,196,50.0,34.18,15.82,19
1719,88,73,13.33,31.11,55.56,15
1719,228,188,41.49,28.72,29.79,40
1719,86,79,84.88,10.46,4.65,7
1719,143,132,72.73,20.98,6.29,11
1719,79,72,81.01,17.72,1.27,7
1719,388,357,67.1,30.26,2.63,31
1719,138,127,75.36,16.67,7.97,11
1719,94,86,75.53,14.89,9.57,8
1719,170,136,34.56,35.29,30.15,34
1719,163,139,46.76,46.04,7.19,24
1719,392,360,38.04,24.46,37.5,32
1719,62,53,45.28,26.42,28.3,9
1720,97,82,14.63,57.32,28.05,15
1720,132,109,64.04,17.98,17.98,23
1720,137,114,30.7,19.3,50.0,23
1720,530,460,45.74,17.67,36.59,70
1720,226,205,56.39,24.67,18.94,21
1720,180,150,46.0,31.33,22.67,30
1720,402,359,43.43,22.86,33.71,43
1720,220,214,82.24,13.08,4.67,6
1720,280,259,36.15,31.92,31.92,21
1720,266,257,45.35,29.0,25.65,9
1720,418,313,52.08,25.56,22.36,105
1720,213,208,35.15,30.69,34.16,5
1720,80,74,86.25,8.75,5.0,6
1720,156,144,78.85,12.18,8.97,12
1720,260,251,71.15,18.85,10.0,9
1720,134,102,40.58,36.23,23.19,32
1720,149,133,42.31,22.31,35.38,16
1720,142,114,47.37,44.74,7.9,28
1720,169,157,59.24,33.12,7.64,12
1720,304,250,46.0,30.8,23.2,54
1720,356,303,29.7,33.0,37.29,53
1720,180,140,35.44,37.97,26.58,40
1720,270,218,45.93,41.48,12.59,52
1720,183,164,40.24,39.02,20.73,19
1720,126,37,51.43,28.57,20.0,89
1720,150,106,59.61,11.54,28.85,44
1720,383,307,65.15,26.06,8.8,76
1720,307,246,38.62,31.3,30.08,61
1720,190,154,23.38,37.01,39.61,36
1720,215,176,12.93,61.21,25.86,39
1721,439,396,45.2,19.95,34.85,43
1721,241,213,40.38,34.74,24.88,28
1721,214,182,35.71,29.12,35.16,32
1721,158,118,25.42,5.93,68.64,40
1721,257,211,38.2,53.93,7.86,46
1721,100,99,53.54,33.33,13.13,1
1721,323,294,39.46,22.45,38.1,29
1721,285,228,32.46,43.86,23.68,57
1721,231,184,71.0,19.91,9.09,47
1721,69,59,16.95,67.8,15.25,10
1721,250,233,55.36,20.17,24.46,17
1721,209,193,93.26,5.18,1.55,16
1721,240,120,15.59,15.21,69.2,120
1721,110,104,90.38,9.62,0.0,6
1721,350,342,80.0,14.0,6.0,8
1721,326,250,51.2,16.0,32.8,76
1721,311,296,69.6,16.55,13.85,15
1721,56,50,46.0,42.0,12.0,6
1721,300,289,50.86,47.06,2.08,11
1721,221,195,42.93,28.28,28.79,26
1721,412,360,42.5,30.56,26.94,52
1721,200,192,54.17,22.4,23.44,8
1721,150,136,48.06,26.36,25.58,14
1721,161,148,43.48,25.0,31.52,13
1721,120,114,50.88,18.42,30.7,6
1721,250,229,46.72,26.2,27.07,21
1721,332,266,39.47,24.81,35.71,66
1721,85,78,85.88,2.35,11.76,7
1721,319,274,68.45,18.45,13.11,45
1721,391,349,51.86,34.67,13.47,42
1721,417,200,65.99,15.74,18.27,217
1721,340,303,67.66,21.12,11.22,37
1722,433,400,63.5,26.0,10.5,33
1722,113,100,34.65,35.64,31.73,13
1722,343,289,24.22,22.49,53.29,54
1722,241,227,65.56,22.41,12.03,14
1722,212,198,52.02,15.66,32.32,14
1722,562,471,57.27,23.86,18.87,91
1722,400,350,71.0,17.0,12.0,50
1722,350,344,57.14,42.86,0.0,6
1722,120,107,46.73,17.76,35.51,13
1722,265,205,53.43,39.22,7.35,60
1722,206,201,64.56,27.18,8.25,5
1722,290,268,63.79,36.21,0.0,22
1722,89,79,7.9,36.84,55.26,10
1722,335,317,47.32,19.24,33.44,18
1722,205,84,47.62,23.81,28.57,121
1722,131,104,43.27,34.62,22.12,27
1722,388,357,99.5,0.5,0.0,31
1722,388,357,80.0,8.5,11.5,31
1722,388,357,66.67,21.21,12.12,31
1723,400,316,49.75,25.0,25.25,84
1723,250,229,38.43,17.9,43.67,21
1723,69,63,18.18,3.64,78.18,6
1723,457,356,64.08,9.51,26.41,101
1723,300,283,56.89,12.01,31.1,17
1723,150,140,75.35,9.86,14.79,10
1723,346,296,81.94,14.72,3.34,50
1723,227,201,60.35,28.19,11.45,26
1723,234,231,53.3,46.7,0.0,3
1723,105,90,60.0,40.0,0.0,15
1723,138,118,75.42,16.95,7.63,20
1723,388,357,92.99,4.46,2.55,31
1723,339,209,55.75,37.76,6.49,130
1723,282,203,70.94,14.29,14.78,79
1723,400,366,41.18,17.37,41.46,34
1723,300,299,80.52,0.87,18.62,1
1723,201,198,9.09,64.14,26.77,3
1723,63,63,61.9,31.75,6.35,0
1723,200,197,72.13,8.2,19.67,3
1723,350,271,71.14,13.71,15.14,79
1723,100,95,76.14,22.73,4.4,5
1723,278,263,61.78,33.33,4.89,15
1723,221,192,79.19,20.81,0.0,29
1724,60,49,63.04,19.56,17.39,11
1724,205,150,78.67,13.33,8.0,55
1724,414,410,66.92,12.88,20.2,4
1724,556,520,53.06,27.88,19.06,36
1724,605,535,56.87,27.12,16.01,70
1724,415,351,64.86,35.14,20.8,64
1724,371,357,63.98,32.56,3.46,14
1724,403,349,64.9,35.1,0.0,54
1724,50,47,34.09,40.91,25.0,3
1724,411,332,72.29,23.8,3.92,79
1724,150,147,82.67,12.0,5.33,3
1724,625,575,78.16,21.84,0.0,50
1724,351,338,45.02,43.2,11.78,13
1724,300,256,59.46,27.03,13.51,44
1724,269,239,98.15,1.85,0.0,30
1725,166,152,80.72,12.05,7.23,14
1725,525,501,69.66,18.16,12.18,24
1725,482,466,63.52,27.47,9.01,16
1725,49,44,59.09,20.46,20.46,5
1725,210,207,33.33,61.35,5.31,3
1725,300,294,82.99,12.58,4.42,6
1725,100,99,50.0,19.0,31.0,1
1725,501,478,45.02,13.64,41.34,23
1725,540,509,78.18,21.82,28.88,31
1725,220,205,63.59,22.56,13.85,15
1725,292,260,68.63,15.69,15.69,32
1725,325,306,48.3,21.77,29.93,19
1725,500,465,48.6,18.06,33.33,35
1725,643,611,60.56,17.35,22.1,32
1726,747,676,61.39,21.89,16.72,71
1726,286,225,56.47,18.97,24.57,61
1726,50,44,84.0,8.0,8.0,6
1726,643,569,44.11,12.65,43.23,74
1726,120,110,96.36,3.64,0.0,10
1726,235,227,53.45,46.55,19.82,8
1726,40,35,85.0,7.5,7.5,5
1727,748,682,74.7,16.37,9.06,66
1727,606,550,4.88,12.2,82.93,56
1727,75,69,94.67,0.0,5.33,6
1727,166,153,47.56,26.83,26.51,13
1727,152,125,100.0,0.0,0.0,27
1727,161,140,39.56,60.44,35.0,21
1727,171,157,96.49,0.58,2.92,14
1727,283,207,52.66,31.4,15.94,76
1727,238,217,57.6,29.03,13.36,21
1728,47,32,38.3,36.17,25.53,15
1728,295,254,62.6,12.6,24.8,41
1728,99,91,72.73,4.04,23.23,8
1728,400,356,87.5,10.0,2.5,44
1728,767,672,73.36,17.11,9.52,95
1729,778,602,67.87,18.03,14.1,176
1729,779,602,50.17,27.08,22.76,177
1729,126,126,50.0,35.71,14.29,0
1729,224,219,45.09,19.08,35.84,5
1730,455,345,42.86,22.8,34.35,110
1730,195,172,23.2,48.0,28.8,23
1730,470,450,38.36,13.3,48.34,20
1730,113,104,77.88,0.0,22.12,9
1730,200,183,72.13,15.3,12.57,17
1730,361,327,79.71,20.29,0.0,34
