Year of arrival at port of disembarkation,Total embarked,Total disembarked,Percent men,Percent women,Percent children,Number of Women,Number of Men,Number of Children,Total calc num,Total died
1659,557,300,53.33,46.67,0.0,259,297,0,556,257
1660,338,291,82.22,15.56,2.22,52,277,7,336,47
1661,338,291,58.49,32.07,9.43,108,197,31,336,47
1663,373,150,35.33,64.67,0.0,241,131,0,372,223
1663,180,125,33.6,48.8,17.6,87,60,31,178,55
1663,259,197,54.32,34.52,11.17,89,140,28,257,62
1663,229,159,39.62,47.8,12.58,109,90,28,227,70
1663,224,175,46.86,41.71,11.43,93,104,25,222,49
1664,242,168,26.09,65.22,8.7,157,63,21,241,74
1664,267,185,22.7,64.32,12.97,171,60,34,265,82
1664,302,282,54.96,37.23,7.8,112,165,23,300,20
1664,346,272,51.35,33.98,14.67,117,177,50,344,74
1664,112,90,50.0,26.67,23.33,29,56,26,111,22
1664,421,348,53.33,46.67,0.0,196,224,0,420,73
1664,400,307,54.72,42.34,2.93,169,218,11,398,93
1664,245,170,42.01,53.25,4.73,130,102,11,243,75
1664,398,276,42.75,51.45,5.8,204,170,23,397,122
1664,256,178,51.12,37.64,11.24,96,130,28,254,78
1664,209,145,57.25,42.75,0.0,89,119,0,208,64
1664,294,230,53.48,36.09,10.44,106,157,30,293,64
1664,280,194,42.27,57.73,0.0,161,118,0,279,86
1664,478,363,55.37,37.47,7.16,179,264,34,477,115
1664,278,193,25.91,58.55,15.54,162,72,43,277,85
1664,330,330,53.94,38.18,7.88,126,177,26,329,0
1665,341,237,37.97,51.48,10.55,175,129,35,339,104
1665,300,243,61.0,37.0,2.0,111,183,6,300,57
1665,268,186,29.46,38.39,32.14,102,78,86,266,82
1665,195,152,49.64,40.88,9.49,79,96,18,193,43
1665,275,215,57.67,36.28,6.05,99,158,16,273,60
1665,666,462,17.53,31.82,50.65,211,116,337,664,204
1665,251,174,32.26,41.13,26.61,103,80,66,249,77
1665,278,211,35.54,58.29,6.16,162,98,17,277,67
1665,474,329,54.71,33.74,11.55,159,259,54,472,145
1665,259,244,43.03,50.41,6.56,130,111,16,257,15
1666,576,400,44.75,52.0,3.25,299,257,18,574,176
1666,147,102,32.35,42.16,25.49,61,47,37,145,45
1666,215,149,57.05,38.93,4.03,83,122,8,213,66
1668,259,207,85.86,12.12,2.02,31,222,5,258,52
1668,280,219,89.0,5.0,6.0,14,249,16,279,61
1672,935,664,52.54,24.5,22.96,229,491,214,934,271
1673,275,220,70.91,24.54,4.54,67,194,12,273,55
1674,327,262,60.69,35.5,3.82,116,198,12,326,65
1674,342,322,65.22,28.88,5.9,98,223,20,341,20
1674,399,277,40.3,47.91,11.79,191,160,47,398,122
1674,291,202,48.96,41.15,9.9,119,142,28,289,89
1674,215,204,54.19,30.05,15.76,64,116,33,213,11
1674,377,280,62.14,26.07,11.79,98,234,44,376,97
1675,333,231,37.23,54.54,8.22,181,123,27,331,102
1675,462,351,71.51,26.21,2.28,121,330,10,461,111
1675,521,417,51.8,41.73,6.47,217,269,33,519,104
1675,407,318,58.97,39.42,1.6,160,240,6,406,89
1675,151,105,33.33,58.1,8.57,87,50,12,149,46
1675,563,458,72.32,25.0,2.68,140,407,15,562,105
1675,396,317,79.18,15.14,5.68,59,313,22,394,79
1675,91,73,73.97,26.03,0.0,23,67,0,90,18
1675,387,310,62.58,33.55,3.87,129,242,14,385,77
1675,408,319,58.97,39.42,1.6,160,240,6,406,89
1675,409,328,63.72,34.45,1.83,140,260,7,407,81
1675,104,72,38.89,36.11,25.0,37,40,26,103,32
1675,157,109,45.71,40.95,13.33,64,71,20,155,48
1675,301,209,46.86,46.38,6.76,139,141,20,300,92
1676,343,242,38.02,52.89,9.09,181,130,31,342,101
1676,256,220,41.36,50.45,8.18,129,105,20,254,36
1676,315,224,38.14,49.77,12.09,156,120,38,314,91
1676,600,574,72.82,21.43,5.75,128,436,34,598,26
1676,391,313,67.09,30.99,1.92,121,262,7,390,78
1676,400,324,65.12,33.33,1.54,133,260,6,399,76
1676,250,198,36.36,52.02,11.62,130,90,29,249,52
1676,144,100,35.0,54.0,11.0,77,50,15,142,44
1676,235,163,38.65,57.06,4.29,134,90,10,234,72
1676,133,92,30.44,56.52,13.04,75,40,17,132,41
1676,251,174,39.66,56.9,3.45,142,99,8,249,77
1676,302,286,63.29,29.37,7.34,88,191,22,301,16
1676,430,372,52.96,37.37,9.68,160,227,41,428,58
1676,256,178,49.44,44.94,5.62,115,126,14,255,78
1676,232,161,46.75,48.7,4.54,112,108,10,230,71
1677,194,155,58.71,38.71,2.58,75,113,5,193,39
1677,437,375,52.8,24.27,22.93,106,230,100,436,62
1677,340,240,66.67,22.5,10.83,76,226,36,338,100
1677,512,400,71.25,26.75,2.0,136,364,10,510,112
1677,611,477,56.96,36.92,6.12,225,348,37,610,134
1677,222,154,34.68,46.77,18.55,103,76,41,220,68
1677,219,152,32.9,63.82,3.29,139,72,7,218,67
1677,173,120,51.67,39.17,9.17,67,89,15,171,53
1677,475,371,65.23,29.38,5.39,139,309,25,473,104
1677,410,167,44.91,44.91,10.18,184,184,41,409,243
1678,766,582,63.23,30.58,6.19,234,484,47,765,184
1678,376,286,55.59,32.87,11.54,123,209,43,375,90
1678,199,138,42.06,55.14,2.8,109,83,5,197,61
1678,350,280,52.86,33.21,13.93,116,184,48,348,70
1678,219,152,34.87,60.53,4.61,132,76,10,218,67
1678,283,245,61.29,38.71,0.0,109,173,0,282,38
1678,348,268,52.65,39.02,8.33,135,183,28,346,80
1678,465,372,44.44,40.33,15.23,187,206,70,463,93
1678,417,329,48.76,42.28,8.95,176,203,37,416,88
1678,447,385,48.83,38.44,12.73,171,218,56,445,62
1678,497,388,35.05,51.8,13.14,257,174,65,496,109
1678,238,186,54.11,31.51,14.38,74,128,34,236,52
1678,418,318,61.32,31.45,7.23,131,256,30,417,100
1678,125,87,71.26,28.74,0.0,35,89,0,124,38
1678,300,234,41.88,39.74,18.38,119,125,55,299,66
1679,505,293,44.68,40.07,15.25,202,225,77,504,212
1679,311,216,41.32,56.89,1.8,176,128,5,309,95
1679,217,197,61.42,33.0,5.58,71,133,12,216,20
1679,320,200,47.87,38.3,13.83,122,153,44,319,120
1679,51,40,67.5,32.5,0.0,16,34,0,50,11
1679,254,239,70.65,23.88,5.47,60,179,13,252,15
1679,356,172,41.86,47.67,10.46,169,149,37,355,184
1679,191,152,42.74,48.72,8.55,93,81,16,190,39
1679,151,105,43.81,37.14,19.05,56,66,28,150,46
1679,278,193,36.14,53.01,10.84,147,100,30,277,85
1679,209,177,48.26,44.78,6.97,93,100,14,207,32
1679,223,176,44.19,55.81,0.0,124,98,0,222,47
1679,207,184,37.5,50.0,12.5,103,77,25,205,23
1679,230,218,32.96,53.63,13.41,123,75,30,228,12
1679,270,244,46.24,49.8,3.95,134,124,10,268,26
1680,551,478,42.16,39.32,18.52,216,232,102,550,73
1680,182,126,38.84,53.72,7.44,97,70,13,180,56
1680,251,174,57.58,24.24,18.18,60,144,45,249,77
1680,277,216,42.33,46.01,11.66,127,117,32,276,61
1680,565,490,43.19,26.6,30.21,150,244,170,564,75
1680,560,400,49.87,40.05,10.08,224,279,56,559,160
1680,410,325,48.0,45.54,6.46,186,196,26,408,85
1680,71,59,59.32,32.2,8.48,22,42,6,70,12
1680,622,473,37.26,50.13,12.6,311,231,78,620,149
1680,307,182,48.86,47.73,3.41,146,150,10,306,125
1680,170,141,32.41,46.3,21.3,78,55,36,169,29
1680,330,298,37.08,55.78,7.14,184,122,23,329,32
1680,708,476,54.22,29.11,16.67,206,383,118,707,232
1680,207,144,44.19,38.37,17.44,79,91,36,206,63
1680,520,479,55.51,29.24,15.25,152,288,79,519,41
1680,214,180,57.86,32.58,9.55,69,123,20,212,34
1681,212,73,40.0,51.43,8.57,109,84,18,211,139
1681,227,162,31.68,55.9,12.42,126,71,28,225,65
1681,479,415,28.9,36.88,34.22,176,138,163,477,64
1681,408,310,32.17,50.0,17.83,204,131,72,407,98
1681,235,59,47.73,38.64,13.64,90,112,32,234,176
1681,250,172,71.51,22.09,6.4,55,178,15,248,78
1681,66,55,74.54,23.64,1.82,15,49,1,65,11
1681,70,67,68.66,13.43,17.91,9,48,12,69,3
1681,288,219,39.27,39.27,21.46,113,113,61,287,69
1681,213,199,62.24,30.1,7.65,64,132,16,212,14
1681,146,101,43.66,40.84,15.49,59,63,22,144,45
1681,549,476,30.46,39.71,29.83,217,167,163,547,73
1681,228,174,70.2,26.49,3.31,60,160,7,227,54
1681,529,470,42.55,36.81,20.64,194,225,109,528,59
1681,320,175,35.44,50.63,13.92,162,113,44,319,145
1681,232,130,33.85,59.23,6.92,137,78,16,231,102
1681,155,118,40.66,56.04,3.3,86,63,5,154,37
1681,500,321,49.5,39.8,10.7,198,247,53,498,179
1681,492,410,43.43,40.15,16.41,197,213,80,490,82
1681,400,170,30.12,62.05,7.83,248,120,31,399,230
1681,550,504,42.86,52.86,4.29,290,235,23,548,46
1681,83,77,37.33,57.33,5.33,47,30,4,81,6
1681,469,407,37.56,46.77,15.67,219,176,73,468,62
1682,672,511,52.84,31.12,16.05,209,355,107,671,161
1682,315,300,41.14,42.81,16.05,134,129,50,313,15
1682,280,163,35.22,57.23,7.55,160,98,21,279,117
1682,395,296,42.37,37.97,19.66,149,167,77,393,99
1682,160,70,55.71,44.29,0.0,70,89,0,159,90
1682,686,521,44.44,36.73,18.83,251,304,129,684,165
1682,467,355,45.43,42.48,12.09,198,212,56,466,112
1682,100,90,70.46,27.27,2.27,27,70,2,99,10
1682,200,180,66.28,33.72,0.0,67,132,0,199,20
1682,218,178,39.31,52.6,8.09,114,85,17,216,40
1682,146,119,29.35,58.7,11.96,85,42,17,144,27
1682,164,114,32.71,58.88,8.41,96,53,13,162,50
1683,448,221,43.52,42.49,13.99,190,194,62,446,227
1683,531,231,40.19,33.18,26.64,176,213,141,530,300
1683,260,175,41.14,42.86,16.0,111,106,41,258,85
1683,196,176,50.29,36.26,13.45,71,98,26,195,20
1683,170,147,40.38,34.62,25.0,58,68,42,168,23
1684,270,234,44.9,36.74,18.37,99,121,49,269,36
1684,529,459,45.53,29.63,24.84,156,240,131,527,70
1684,651,495,52.73,36.36,10.91,236,343,71,650,156
1684,130,110,79.23,16.92,3.85,21,103,4,128,20
1684,90,74,76.06,21.13,2.82,19,68,2,89,16
1684,311,216,40.28,48.61,11.11,151,125,34,310,95
1684,343,235,35.74,44.26,20.0,151,122,68,341,108
1684,330,134,48.51,42.54,8.96,140,160,29,329,196
1684,153,136,42.75,45.04,12.21,68,65,18,151,17
1684,230,215,67.44,29.77,2.79,68,155,6,229,15
1684,530,443,53.42,41.71,4.88,221,283,25,529,87
1684,610,580,54.58,24.7,20.72,150,332,126,608,30
1684,320,256,48.44,40.62,10.94,130,155,35,320,64
1684,200,139,46.56,39.7,13.74,79,93,27,199,61
1684,397,306,61.54,25.08,13.38,99,244,53,396,91
1684,437,427,47.56,20.24,32.2,88,207,140,435,10
1685,258,179,51.72,37.93,10.34,97,133,26,256,79
1685,384,262,36.63,50.0,13.37,192,140,51,383,122
1685,373,289,40.91,50.0,9.09,186,152,33,371,84
1685,268,204,37.93,45.81,16.26,122,101,43,266,64
1685,310,242,40.08,59.92,0.0,185,124,0,309,68
1686,267,111,24.59,60.66,14.75,161,65,39,265,156
1686,153,146,69.86,27.4,2.74,41,106,4,151,7
1686,651,321,56.63,34.95,8.41,227,368,54,649,330
1686,217,192,80.18,17.05,2.76,37,173,6,216,25
1686,117,103,76.07,21.37,2.56,25,88,2,115,14
1686,77,68,77.92,11.69,10.39,8,59,8,75,9
1686,457,347,39.18,29.47,31.35,134,179,143,456,110
1686,35,30,70.0,20.0,10.0,7,24,3,34,5
1686,218,166,45.51,40.38,14.1,88,99,30,217,52
1686,267,203,48.42,37.9,13.68,101,129,36,266,64
1686,535,394,49.15,33.33,17.51,178,262,93,533,141
1686,624,474,40.13,38.41,21.46,239,250,133,622,150
1686,582,442,50.12,34.34,15.54,199,291,90,580,140
1686,200,187,71.89,22.7,5.4,45,143,10,198,13
1686,278,211,60.19,27.96,11.85,77,167,32,276,67
1686,180,125,54.65,45.35,0.0,81,98,0,179,55
1686,319,277,42.24,31.41,26.35,100,134,84,318,42
1686,400,246,52.65,36.28,11.06,145,210,44,399,154
1686,426,369,49.58,33.24,17.18,141,211,73,425,57
1686,492,374,50.42,36.7,12.88,180,248,63,491,118
1686,279,158,52.03,36.49,11.49,101,145,32,278,121
1686,201,153,60.0,34.54,5.46,69,120,10,199,48
1686,170,145,56.3,34.45,9.24,58,95,15,168,25
1686,121,84,34.52,35.71,29.76,43,41,36,120,37
1686,366,317,41.32,33.75,24.92,123,151,91,365,49
1686,120,43,43.24,51.35,5.4,61,51,6,118,77
1686,200,187,43.24,51.35,5.4,102,86,10,198,13
1687,110,80,84.54,15.46,0.0,17,92,0,109,30
1687,525,443,73.52,26.48,0.0,138,386,0,524,82
1687,429,326,51.13,33.66,15.21,144,219,65,428,103
1687,281,236,46.46,36.73,16.81,103,130,47,280,45
1687,375,369,56.51,27.88,15.61,104,211,58,373,6
1687,140,102,79.79,12.77,7.45,17,111,10,138,38
1687,524,454,35.04,34.38,30.58,180,183,160,523,70
1687,464,353,62.02,27.0,10.98,125,287,50,462,111
1688,380,331,41.09,42.9,16.01,163,156,60,379,49
1688,467,355,35.94,44.64,19.42,208,167,90,465,112
1688,250,238,52.91,34.92,12.17,87,132,30,249,12
1688,575,437,42.62,35.13,22.25,201,245,127,573,138
1688,430,420,41.19,44.52,14.29,191,177,61,429,10
1688,482,406,68.46,31.54,0.0,151,330,0,481,76
1688,150,140,75.0,17.86,7.14,26,112,10,148,10
1688,120,95,87.1,8.6,4.3,10,104,5,119,25
1689,415,259,38.67,55.47,5.86,230,160,24,414,156
1689,188,143,45.61,43.86,10.53,82,85,19,186,45
1689,282,246,86.26,12.64,1.1,35,243,3,281,36
1689,500,500,46.4,35.2,18.4,176,232,92,500,0
1689,562,436,50.0,36.62,13.38,205,281,75,561,126
1689,300,253,91.3,8.7,0.0,26,273,0,299,47
1689,662,503,50.4,35.66,13.94,236,333,92,661,159
1689,150,129,79.07,14.73,6.2,22,118,9,149,21
1690,400,359,61.0,28.13,10.86,112,244,43,399,41
1690,555,422,65.64,26.54,7.82,147,364,43,554,133
1691,118,104,85.71,14.29,0.0,16,101,0,117,14
1691,598,460,46.43,33.48,20.09,200,277,120,597,138
1691,635,580,56.65,28.84,14.51,183,359,92,634,55
1691,160,155,51.63,32.68,15.69,52,82,25,159,5
1691,174,150,72.79,24.49,2.72,42,126,4,172,24
1691,572,435,58.47,34.57,6.96,197,334,39,570,137
1691,460,445,68.02,31.03,0.95,142,312,4,458,15
1692,530,472,47.29,42.52,10.2,225,250,54,529,58
1692,208,184,66.3,30.98,2.72,64,137,5,206,24
1692,635,584,55.23,28.99,15.78,184,350,100,634,51
1693,598,288,61.46,32.29,6.25,193,367,37,597,310
1693,413,314,58.92,31.85,9.24,131,243,38,412,99
1693,111,86,79.07,20.93,0.0,23,87,0,110,25
1693,421,401,64.09,23.94,11.97,100,269,50,419,20
1693,450,275,74.43,14.5,11.07,65,334,49,448,175
1693,738,729,59.46,26.63,13.92,196,438,102,736,9
1694,542,470,58.3,32.34,9.36,175,315,50,540,72
1694,600,486,49.59,32.44,17.97,194,297,107,598,114
1694,600,573,53.76,37.13,9.11,222,322,54,598,27
1694,446,357,37.26,33.61,29.13,149,166,129,444,89
1694,700,372,66.13,26.88,6.99,188,462,48,698,328
1694,650,195,48.72,42.05,9.23,273,316,60,649,455
1694,729,705,53.76,31.92,14.33,232,391,104,727,24
1694,484,452,61.28,26.55,12.17,128,296,58,482,32
1694,400,383,80.94,13.58,5.48,54,323,21,398,17
1695,111,110,53.7,40.74,5.56,45,59,6,110,1
1695,586,498,43.76,41.92,14.32,245,256,83,584,88
1695,202,178,78.65,17.98,3.37,36,158,6,200,24
1695,618,596,40.44,44.97,14.6,277,249,90,616,22
1695,200,196,78.65,17.98,3.37,35,157,6,198,4
1695,133,131,74.05,25.19,0.76,33,98,1,132,2
1696,605,502,46.65,46.23,7.11,279,282,43,604,103
1697,562,512,58.97,38.07,2.96,213,331,16,560,50
1697,616,430,58.73,33.26,8.02,204,361,49,614,186
1697,145,102,47.59,39.31,13.1,57,68,18,143,43
1698,212,147,48.11,25.0,26.89,53,101,57,211,65
1698,733,624,67.39,29.47,3.14,216,493,23,732,109
1698,146,111,54.96,42.34,2.7,61,80,3,144,35
1698,360,345,43.98,45.78,10.24,164,158,36,358,15
1698,678,515,42.63,41.29,16.09,279,289,109,677,163
1698,151,151,62.91,33.11,3.97,50,95,6,151,0
1699,291,221,60.18,34.84,4.98,101,175,14,290,70
1699,548,531,63.83,32.19,3.98,176,349,21,546,17
1699,521,353,34.84,50.42,14.73,262,181,76,519,168
1699,167,127,33.07,42.52,24.41,71,55,40,166,40
1699,629,530,39.92,47.04,13.04,295,251,82,628,99
1699,573,500,46.52,51.02,2.46,292,266,14,572,73
1700,169,149,65.18,31.25,3.57,52,110,6,168,20
1700,600,466,44.12,50.29,5.59,301,264,33,598,134
1700,450,382,41.58,38.14,20.28,171,187,91,449,68
1700,191,149,38.36,38.36,23.29,73,73,44,190,42
1700,542,238,30.25,50.0,19.75,271,163,107,541,304
1700,552,492,52.09,43.18,4.74,238,287,26,551,60
1700,376,301,43.19,39.87,16.94,149,162,63,374,75
1700,606,376,36.84,46.2,16.96,279,223,102,604,230
1700,375,285,42.46,44.91,12.63,168,159,47,374,90
1700,52,46,48.89,51.11,0.0,26,25,0,51,6
1700,458,252,27.39,56.85,15.76,260,125,72,457,206
1700,224,200,45.99,42.78,11.23,95,103,25,223,24
1700,132,92,51.06,48.94,0.0,64,67,0,131,40
1701,221,191,37.17,43.98,18.85,97,82,41,220,30
1701,414,353,31.73,38.24,30.03,158,131,124,413,61
1701,224,204,39.8,23.88,36.32,53,89,81,223,20
1701,417,373,69.89,17.2,12.9,71,291,53,415,44
1701,674,642,47.03,22.55,30.42,152,317,204,673,32
1701,420,386,41.99,27.31,30.7,114,176,128,418,34
1701,499,430,55.71,32.87,11.42,164,277,57,498,69
1701,365,315,61.33,35.08,3.59,128,223,13,364,50
1701,690,671,47.12,22.33,30.55,154,325,210,689,19
1701,762,647,61.52,31.84,6.65,242,468,50,760,115
1701,664,459,53.86,33.33,12.8,221,357,85,663,205
1701,356,303,37.92,40.52,21.56,144,134,76,354,53
1701,75,57,32.5,45.0,22.5,33,24,16,73,18
1701,209,178,47.75,29.78,22.47,62,99,46,207,31
1702,350,300,67.89,19.27,12.84,67,237,44,348,50
1702,102,88,57.3,15.73,26.97,16,58,27,101,14
1702,254,216,49.58,34.58,15.83,87,125,40,252,38
1702,473,409,23.95,55.8,20.25,263,113,95,471,64
1702,549,468,39.23,37.19,23.58,204,215,129,548,81
1702,144,136,36.96,43.48,19.56,62,53,28,143,8
1702,292,222,47.3,38.29,14.41,111,138,42,291,70
1702,193,165,30.85,39.36,29.79,75,59,57,191,28
1702,289,191,37.17,43.98,18.85,127,107,54,288,98
1702,176,117,60.63,25.2,14.17,44,106,24,174,59
1702,247,211,61.29,29.03,9.68,71,151,23,245,36
1703,261,223,52.75,31.19,16.06,81,137,41,259,38
1703,228,208,20.98,45.37,34.62,103,47,78,228,20
1703,126,108,71.3,9.26,19.44,11,89,24,124,18
1703,178,163,57.06,42.33,0.61,75,101,1,177,15
1703,542,502,58.67,22.32,19.0,121,318,103,542,40
1703,161,161,83.23,9.32,7.45,14,134,11,159,0
1703,571,458,50.34,30.93,18.74,176,287,106,569,113
1703,325,281,41.67,50.69,7.64,164,135,24,323,44
1704,401,174,41.55,36.62,21.83,146,166,87,399,227
1704,349,295,42.27,43.3,14.43,151,147,50,348,54
1704,181,140,35.0,40.0,25.0,72,63,45,180,41
1704,510,466,61.22,22.44,16.34,114,312,83,509,44
1704,400,378,86.47,7.96,5.57,31,345,22,398,22
1704,382,321,62.85,26.21,10.94,100,240,41,381,61
1704,160,143,38.75,37.5,23.75,60,62,38,160,17
1704,100,81,97.5,1.25,1.25,1,97,1,99,19
1704,332,286,33.92,27.97,38.11,92,112,126,330,46
1704,300,273,61.03,31.25,7.72,93,183,23,299,27
1704,265,219,52.75,31.19,16.06,82,139,42,263,46
1704,366,224,63.39,30.36,6.25,111,232,22,365,142
1705,600,536,41.98,30.6,27.42,183,251,164,598,64
1705,304,238,51.68,28.57,19.75,86,157,60,303,66
1705,557,435,51.92,32.05,16.03,178,289,89,556,122
1705,590,539,41.48,37.88,20.64,223,244,121,588,51
1705,550,400,47.27,30.13,22.6,165,259,124,548,150
1705,180,176,50.29,22.54,27.17,40,90,48,178,4
1705,550,290,39.0,42.0,19.0,231,214,104,549,260
1705,615,556,61.82,21.42,16.76,131,380,103,614,59
1705,188,166,39.76,43.37,16.87,81,74,31,186,22
1705,667,562,62.78,21.77,15.45,145,418,103,666,105
1705,771,667,57.46,22.96,19.58,176,443,151,770,104
1705,473,399,65.96,30.44,3.59,144,312,16,472,74
1705,548,421,49.88,40.38,9.74,221,273,53,547,127
1705,635,615,59.88,21.59,18.53,137,380,117,634,20
1705,348,284,44.64,45.36,10.0,157,155,34,346,64
1705,141,113,28.32,50.44,21.24,71,39,29,139,28
1706,330,285,29.47,35.79,34.74,118,97,114,329,45
1706,430,358,33.24,40.22,26.54,172,142,114,428,72
1706,547,394,56.67,32.18,11.15,176,310,61,547,153
1706,190,177,66.32,33.68,0.0,63,126,0,189,13
1706,198,176,29.65,37.79,32.56,74,58,64,196,22
1706,705,650,56.31,21.84,21.84,154,396,154,704,55
1706,210,180,35.26,41.04,23.7,86,74,49,209,30
1706,563,510,38.37,34.39,27.24,193,216,153,562,53
1706,140,126,40.32,34.68,25.0,48,56,35,139,14
1706,104,101,70.19,19.23,10.58,20,72,11,103,3
1707,534,507,58.7,31.3,10.0,167,313,53,533,27
1707,536,428,66.6,33.02,0.37,176,356,1,533,108
1707,536,457,61.31,22.4,16.29,120,328,87,535,79
1707,447,393,53.94,40.71,5.34,181,241,23,445,54
1707,78,75,62.5,25.0,12.5,19,48,9,76,3
1707,121,115,51.75,38.6,9.65,46,62,11,119,6
1707,222,199,68.37,17.86,13.78,39,151,30,220,23
1707,740,601,57.65,29.93,12.42,221,426,91,738,139
1707,558,439,67.38,32.08,0.54,179,376,3,558,119
1707,487,420,63.57,17.83,18.6,86,309,90,485,67
1708,140,123,58.97,11.97,29.06,16,82,40,138,17
1708,531,500,64.89,16.81,18.3,89,344,97,530,31
1708,550,507,76.18,15.94,7.87,87,418,43,548,43
1708,120,110,70.91,25.46,3.64,30,85,4,119,10
1708,301,287,47.74,26.13,26.13,78,143,78,299,14
1708,300,283,47.86,33.93,18.21,101,143,54,298,17
1708,250,235,55.6,36.64,7.76,91,139,19,249,15
1708,180,145,64.14,23.45,12.41,42,115,22,179,35
1708,603,525,70.04,19.08,10.88,115,422,65,602,78
1708,64,51,62.74,25.49,11.76,16,40,7,63,13
1708,83,75,45.46,50.0,4.54,41,37,3,81,8
1708,260,212,65.57,14.15,20.28,36,170,52,258,48
1708,103,84,39.29,32.14,28.57,33,40,29,102,19
1708,613,463,68.19,31.16,0.65,191,418,3,612,150
1708,425,171,52.24,36.0,11.76,153,221,50,424,254
1709,523,464,61.85,35.13,3.02,183,323,15,521,59
1709,65,52,61.54,38.46,0.0,25,39,0,64,13
1709,491,435,48.39,33.18,18.43,162,237,90,489,56
1709,307,284,53.85,34.62,11.54,106,165,35,306,23
1709,398,187,75.82,12.09,12.09,48,301,48,397,211
1709,163,145,66.9,26.76,6.34,43,109,10,162,18
1709,56,48,43.59,35.9,20.51,20,24,11,55,8
1709,370,313,72.52,17.25,10.22,63,268,37,368,57
1710,433,374,52.1,35.98,11.92,155,225,51,431,59
1710,373,318,49.23,46.75,4.03,174,183,15,372,55
1710,139,83,74.44,24.06,1.5,33,103,2,138,56
1710,306,288,54.39,25.61,20.0,78,166,61,305,18
1710,300,251,39.44,35.06,25.5,105,118,76,299,49
1710,245,200,67.0,13.0,20.0,31,164,49,244,45
1711,200,161,60.36,24.32,15.32,48,120,30,198,39
1712,611,571,67.59,30.77,1.64,187,412,10,609,40
1712,219,200,69.43,13.99,16.58,30,152,36,218,19
1712,270,220,73.11,11.79,15.09,31,197,40,268,50
1712,585,476,65.58,33.22,1.2,194,383,7,584,109
1713,157,130,59.35,23.58,17.07,37,93,26,156,27
1713,150,124,42.0,48.0,10.0,72,63,15,150,26
1714,280,261,56.79,32.5,10.71,91,159,30,280,19
1714,195,80,43.08,18.97,37.95,36,84,74,194,115
1714,572,557,72.4,24.37,3.23,139,414,18,571,15
1714,192,154,44.8,29.87,25.32,57,86,48,191,38
1714,287,273,63.76,20.56,15.68,58,182,44,284,14
1714,204,200,45.5,29.0,25.5,59,92,52,203,4
1714,253,188,63.98,31.75,4.26,80,161,10,251,65
1714,181,164,45.73,30.49,23.78,55,82,43,180,17
1714,200,184,68.5,25.5,6.0,51,137,12,200,16
1714,37,33,70.27,29.73,0.0,11,25,0,36,4
1714,43,43,68.29,31.71,4.65,13,29,1,43,0
1714,277,226,53.54,13.27,33.19,36,148,91,275,51
1714,265,216,35.51,26.17,38.32,69,94,101,264,49
1714,270,230,47.73,34.09,18.18,92,128,49,269,40
1714,287,229,34.25,33.15,32.6,95,98,93,286,58
1714,620,548,56.13,33.55,10.32,207,347,64,618,72
1714,375,350,66.14,14.09,19.77,52,248,74,374,25
1714,320,294,58.16,35.71,6.12,114,186,19,319,26
1715,560,500,46.0,34.0,20.0,190,257,112,559,60
1715,102,79,65.69,21.57,12.74,22,66,12,100,23
1715,397,372,56.68,29.47,13.85,116,224,55,395,25
1715,215,208,59.71,20.39,19.9,43,128,42,213,7
1715,417,365,34.8,21.64,43.56,90,145,181,416,52
1715,110,80,72.5,27.5,0.0,30,79,0,109,30
1715,242,202,37.93,31.53,30.54,76,91,73,240,40
1715,546,459,51.87,30.48,17.65,166,283,96,545,87
1715,260,220,57.72,42.28,0.0,109,150,0,259,40
1715,120,118,9.09,74.75,16.16,89,10,19,118,2
1715,375,300,38.67,33.33,28.0,124,145,105,374,75
1715,521,495,67.27,12.93,19.8,67,350,103,520,26
1715,216,177,70.91,27.27,1.82,58,153,3,214,39
1715,470,398,41.62,23.35,35.02,109,195,164,468,72
1715,467,362,71.82,18.78,9.39,87,335,43,465,105
1715,164,100,36.67,23.33,40.0,38,60,65,163,64
1715,504,437,63.62,14.87,21.51,74,320,108,502,67
1716,437,377,49.66,39.46,10.88,172,217,47,436,60
1716,200,50,48.0,32.0,20.0,64,96,40,200,150
1716,273,219,36.99,27.4,35.62,74,100,97,271,54
1716,270,257,57.2,42.8,0.0,115,154,0,269,13
1716,74,49,37.7,54.1,8.2,40,27,6,73,25
1716,190,95,26.32,40.0,33.68,76,50,63,189,95
1716,153,82,37.8,43.9,18.29,67,57,27,151,71
1716,650,543,78.22,11.46,10.32,74,508,67,649,107
1716,450,320,46.18,22.57,31.25,101,207,140,448,130
1716,100,80,48.75,30.0,21.25,30,48,21,99,20
1716,532,513,53.67,19.5,26.83,103,285,142,530,19
1716,257,242,69.26,24.9,5.84,64,178,15,257,15
1716,153,136,81.7,13.07,5.23,20,124,8,152,17
1716,302,260,57.27,42.73,0.0,129,172,0,301,42
1716,200,174,68.26,11.98,19.76,23,136,39,198,26
1716,462,420,62.38,8.09,29.52,37,288,136,461,42
1716,270,242,64.65,35.35,0.0,95,174,0,269,28
1716,145,141,65.75,26.71,7.53,38,95,10,143,4
1716,71,64,66.2,22.54,11.27,15,46,8,69,7
1716,213,70,25.71,31.43,42.86,66,54,91,211,143
1716,370,162,43.94,28.79,27.27,106,162,100,368,208
1716,407,407,55.77,17.94,26.29,72,227,107,406,0
1716,408,350,45.43,26.86,27.71,109,185,113,407,58
1716,260,206,68.84,19.1,12.06,49,178,31,258,54
1716,358,321,50.16,31.31,18.53,112,179,66,357,37
1716,194,194,66.5,13.4,20.1,25,129,38,192,0
1716,152,104,43.27,25.96,30.77,39,65,46,150,48
1716,331,300,66.67,18.33,15.0,60,220,49,329,31
1717,91,73,10.96,24.66,64.38,22,9,58,89,18
1717,424,340,54.71,22.06,23.24,93,231,98,422,84
1717,418,401,48.63,19.95,31.42,83,203,131,417,17
1717,232,202,52.48,26.24,21.29,60,121,49,230,30
1717,134,110,27.93,45.04,27.03,60,37,36,133,24
1717,315,280,67.86,12.86,19.29,40,213,60,313,35
1717,107,86,21.5,51.4,27.1,55,22,29,106,21
1717,362,290,47.24,31.03,21.72,112,171,78,361,72
1717,294,285,51.58,23.51,24.91,69,151,73,293,9
1717,160,139,37.31,21.64,41.04,34,59,65,158,21
1717,183,179,53.0,7.1,39.89,13,96,73,182,4
1717,523,486,51.95,33.26,14.78,173,271,77,521,37
1717,310,278,51.08,36.69,12.23,113,158,37,308,32
1717,516,455,45.72,39.3,14.97,202,235,77,514,61
1717,248,203,49.75,25.62,24.63,63,123,61,247,45
1717,436,306,42.31,26.54,31.15,115,184,135,434,130
1717,174,156,47.33,22.0,30.67,38,82,53,173,18
1718,683,449,51.53,24.79,23.68,169,351,161,681,234
1718,92,84,70.65,23.91,5.44,21,64,5,90,8
1718,59,54,71.19,20.34,8.48,12,41,5,58,5
1718,83,76,66.26,18.07,15.66,14,54,13,81,7
1718,219,189,39.15,46.56,14.29,101,85,31,217,30
1718,535,426,45.54,23.47,30.99,125,243,165,533,109
1718,464,298,48.84,41.53,9.64,192,226,44,462,166
1718,291,266,37.97,36.84,25.19,107,110,73,290,25
1718,141,117,46.73,25.23,28.7,35,65,40,140,24
1718,260,249,68.68,25.3,6.02,65,178,15,258,11
1718,191,171,79.58,12.57,7.85,23,151,14,188,20
1718,195,145,45.11,38.35,16.54,74,87,32,193,50
1718,530,459,47.06,25.05,27.89,132,249,147,528,71
1718,309,282,40.78,19.86,39.36,61,126,121,308,27
1718,138,116,35.65,45.22,19.13,62,49,26,137,22
1718,205,178,50.0,24.72,25.28,50,102,51,203,27
1718,140,112,10.71,47.32,41.96,66,14,58,138,28
1718,105,95,29.47,40.0,30.53,42,30,32,104,10
1718,133,119,60.81,10.81,28.38,14,80,37,131,14
1718,367,294,45.24,31.97,22.79,117,166,83,366,73
1718,250,200,40.0,24.5,35.5,61,100,88,249,50
1719,180,162,22.84,48.76,28.4,87,41,51,179,18
1719,214,214,43.46,19.16,37.38,41,93,79,213,0
1719,282,250,46.0,20.8,33.2,58,129,93,280,32
1719,357,295,35.09,17.54,47.37,62,125,169,356,62
1719,52,42,23.81,59.52,16.67,30,12,8,50,10
1719,239,149,30.2,33.56,36.24,80,72,86,238,90
1719,43,40,86.05,4.65,9.3,1,37,3,41,3
1719,161,143,44.06,47.55,8.39,76,70,13,159,18
1719,211,169,37.5,25.83,36.67,54,79,77,210,42
1719,122,98,64.29,17.35,18.37,21,78,22,121,24
1719,105,93,40.86,53.76,5.38,56,42,5,103,12
1719,120,118,49.15,45.76,5.08,54,58,6,118,2
1719,112,99,48.32,42.7,8.99,47,54,10,111,13
1719,180,154,81.17,13.64,5.2,24,146,9,179,26
1719,112,99,74.11,18.75,7.14,21,82,8,111,13
1719,218,193,90.37,9.17,0.46,19,197,1,217,25
1719,219,196,80.36,11.87,7.76,25,175,17,217,23
1719,254,241,63.07,24.9,12.03,63,160,30,253,13
1719,200,162,65.62,30.63,3.75,61,131,7,199,38
1719,492,412,78.12,21.88,0.0,107,384,0,491,80
1719,440,372,44.36,16.13,39.52,70,195,173,438,68
1719,231,198,56.06,32.32,11.62,74,129,26,229,33
1719,215,196,50.0,34.18,15.82,73,107,34,214,19
1719,88,73,13.33,31.11,55.56,27,11,48,86,15
1719,228,188,41.49,28.72,29.79,65,94,67,226,40
1719,86,79,84.88,10.46,4.65,8,73,3,84,7
1719,143,132,72.73,20.98,6.29,29,103,9,141,11
1719,79,72,81.01,17.72,1.27,14,64,1,79,7
1719,388,357,67.1,30.26,2.63,117,260,10,387,31
1719,138,127,75.36,16.67,7.97,23,103,10,136,11
1719,94,86,75.53,14.89,9.57,14,71,8,93,8
1719,170,136,34.56,35.29,30.15,59,58,51,168,34
1719,163,139,46.76,46.04,7.19,75,76,11,162,24
1719,392,360,38.04,24.46,37.5,95,149,147,391,32
1719,62,53,45.28,26.42,28.3,16,28,17,61,9
1720,97,82,14.63,57.32,28.05,55,14,27,96,15
1720,132,109,64.04,17.98,17.98,23,84,23,130,23
1720,137,114,30.7,19.3,50.0,26,42,68,136,23
1720,530,460,45.74,17.67,36.59,93,242,193,528,70
1720,226,205,56.39,24.67,18.94,55,127,42,224,21
1720,180,150,46.0,31.33,22.67,56,82,40,178,30
1720,402,359,43.43,22.86,33.71,91,174,135,400,43
1720,220,214,82.24,13.08,4.67,28,180,10,218,6
1720,280,259,36.15,31.92,31.92,89,101,89,279,21
1720,266,257,45.35,29.0,25.65,77,120,68,265,9
1720,418,313,52.08,25.56,22.36,106,217,93,416,105
1720,213,208,35.15,30.69,34.16,65,74,72,211,5
1720,80,74,86.25,8.75,5.0,7,69,4,80,6
1720,156,144,78.85,12.18,8.97,18,122,13,153,12
1720,260,251,71.15,18.85,10.0,48,185,26,259,9
1720,134,102,40.58,36.23,23.19,48,54,31,133,32
1720,149,133,42.31,22.31,35.38,33,63,52,148,16
1720,142,114,47.37,44.74,7.9,63,67,11,141,28
1720,169,157,59.24,33.12,7.64,55,100,12,167,12
1720,304,250,46.0,30.8,23.2,93,139,70,302,54
1720,356,303,29.7,33.0,37.29,117,105,132,354,53
1720,180,140,35.44,37.97,26.58,68,63,47,178,40
1720,270,218,45.93,41.48,12.59,111,124,34,269,52
1720,183,164,40.24,39.02,20.73,71,73,37,181,19
1720,126,37,51.43,28.57,20.0,35,64,25,124,89
1720,150,106,59.61,11.54,28.85,17,89,43,149,44
1720,383,307,65.15,26.06,8.8,99,249,33,381,76
1720,307,246,38.62,31.3,30.08,96,118,92,306,61
1720,190,154,23.38,37.01,39.61,70,44,75,189,36
1720,215,176,12.93,61.21,25.86,131,27,55,213,39
1721,439,396,45.2,19.95,34.85,87,198,152,437,43
1721,241,213,40.38,34.74,24.88,83,97,59,239,28
1721,214,182,35.71,29.12,35.16,62,76,75,213,32
1721,158,118,25.42,5.93,68.64,9,40,108,157,40
1721,257,211,38.2,53.93,7.86,138,98,20,256,46
1721,100,99,53.54,33.33,13.13,33,53,13,99,1
1721,323,294,39.46,22.45,38.1,72,127,123,322,29
1721,285,228,32.46,43.86,23.68,125,92,67,284,57
1721,231,184,71.0,19.91,9.09,45,164,21,230,47
1721,69,59,16.95,67.8,15.25,46,11,10,67,10
1721,250,233,55.36,20.17,24.46,50,138,61,249,17
1721,209,193,93.26,5.18,1.55,10,194,3,207,16
1721,240,120,15.59,15.21,69.2,36,37,166,239,120
1721,110,104,90.38,9.62,0.0,10,99,0,109,6
1721,350,342,80.0,14.0,6.0,49,280,21,350,8
1721,326,250,51.2,16.0,32.8,52,166,106,324,76
1721,311,296,69.6,16.55,13.85,51,216,43,310,15
1721,56,50,46.0,42.0,12.0,23,25,6,54,6
1721,300,289,50.86,47.06,2.08,141,152,6,299,11
1721,221,195,42.93,28.28,28.79,62,94,63,219,26
1721,412,360,42.5,30.56,26.94,125,175,111,411,52
1721,200,192,54.17,22.4,23.44,44,108,46,198,8
1721,150,136,48.06,26.36,25.58,39,72,38,149,14
1721,161,148,43.48,25.0,31.52,40,69,50,159,13
1721,120,114,50.88,18.42,30.7,22,61,36,119,6
1721,250,229,46.72,26.2,27.07,65,116,67,248,21
1721,332,266,39.47,24.81,35.71,82,131,118,331,66
1721,85,78,85.88,2.35,11.76,2,72,10,84,7
1721,319,274,68.45,18.45,13.11,58,218,41,317,45
1721,391,349,51.86,34.67,13.47,135,202,52,389,42
1721,417,200,65.99,15.74,18.27,65,275,76,416,217
1721,340,303,67.66,21.12,11.22,71,230,38,339,37
1722,433,400,63.5,26.0,10.5,112,274,45,431,33
1722,343,289,24.22,22.49,53.29,77,83,182,342,54
1722,241,227,65.56,22.41,12.03,54,157,28,239,14
1722,212,198,52.02,15.66,32.32,33,110,68,211,14
1722,562,471,57.27,23.86,18.87,134,321,106,561,91
1722,400,350,71.0,17.0,12.0,68,284,48,400,50
1722,350,344,57.14,42.86,0.0,149,200,0,349,6
1722,120,107,46.73,17.76,35.51,21,56,42,119,13
1722,265,205,53.43,39.22,7.35,103,141,19,263,60
1722,206,201,64.56,27.18,8.25,55,132,16,203,5
1722,290,268,63.79,36.21,0.0,105,184,0,289,22
1722,89,79,7.9,36.84,55.26,32,7,49,88,10
1722,335,317,47.32,19.24,33.44,64,158,112,334,18
1722,205,84,47.62,23.81,28.57,48,97,58,203,121
1722,131,104,43.27,34.62,22.12,45,56,28,129,27
1722,388,357,99.5,0.5,0.0,1,386,0,387,31
1722,388,357,80.0,8.5,11.5,32,310,44,386,31
1722,388,357,66.67,21.21,12.12,82,258,47,387,31
1723,400,316,49.75,25.0,25.25,100,199,101,400,84
1723,250,229,38.43,17.9,43.67,44,96,109,249,21
1723,69,63,18.18,3.64,78.18,2,12,53,67,6
1723,457,356,64.08,9.51,26.41,43,292,120,455,101
1723,300,283,56.89,12.01,31.1,36,170,93,299,17
1723,150,140,75.35,9.86,14.79,14,113,22,149,10
1723,346,296,81.94,14.72,3.34,50,283,11,344,50
1723,227,201,60.35,28.19,11.45,64,136,26,226,26
1723,234,231,53.3,46.7,0.0,109,124,0,233,3
1723,105,90,60.0,40.0,0.0,42,63,0,105,15
1723,138,118,75.42,16.95,7.63,23,104,10,137,20
1723,388,357,92.99,4.46,2.55,17,360,9,386,31
1723,339,209,55.75,37.76,6.49,127,188,22,337,130
1723,282,203,70.94,14.29,14.78,40,200,41,281,79
1723,400,366,41.18,17.37,41.46,69,164,165,398,34
1723,300,299,80.52,0.87,18.62,2,241,55,298,1
1723,201,198,9.09,64.14,26.77,128,18,53,199,3
1723,63,63,61.9,31.75,6.35,19,39,3,61,0
1723,200,197,72.13,8.2,19.67,16,144,39,199,3
1723,350,271,71.14,13.71,15.14,47,249,53,349,79
1723,278,263,61.78,33.33,4.89,92,171,13,276,15
1723,221,192,79.19,20.81,0.0,45,175,0,220,29
1724,60,49,63.04,19.56,17.39,11,37,10,58,11
1724,205,150,78.67,13.33,8.0,27,161,16,204,55
1724,414,410,66.92,12.88,20.2,53,277,83,413,4
1724,556,520,53.06,27.88,19.06,154,294,105,553,36
1724,605,535,56.87,27.12,16.01,164,344,96,604,70
1724,371,357,63.98,32.56,3.46,120,237,12,369,14
1724,403,349,64.9,35.1,0.0,141,261,0,402,54
1724,50,47,34.09,40.91,25.0,20,17,12,49,3
1724,411,332,72.29,23.8,3.92,97,297,16,410,79
1724,150,147,82.67,12.0,5.33,18,123,8,149,3
1724,625,575,78.16,21.84,0.0,136,488,0,624,50
1724,351,338,45.02,43.2,11.78,151,158,41,350,13
1724,300,256,59.46,27.03,13.51,81,178,40,299,44
1724,269,239,98.15,1.85,0.0,4,264,0,268,30
1725,166,152,80.72,12.05,7.23,20,133,11,164,14
1725,525,501,69.66,18.16,12.18,95,365,63,523,24
1725,482,466,63.52,27.47,9.01,132,306,43,481,16
1725,49,44,59.09,20.46,20.46,10,28,10,48,5
1725,210,207,33.33,61.35,5.31,128,69,11,208,3
1725,300,294,82.99,12.58,4.42,37,248,13,298,6
1725,100,99,50.0,19.0,31.0,19,50,31,100,1
1725,501,478,45.02,13.64,41.34,68,225,207,500,23
1725,220,205,63.59,22.56,13.85,49,139,30,218,15
1725,292,260,68.63,15.69,15.69,45,200,45,290,32
1725,325,306,48.3,21.77,29.93,70,156,97,323,19
1725,500,465,48.6,18.06,33.33,90,243,166,499,35
1725,643,611,60.56,17.35,22.1,111,389,142,642,32
1726,747,676,61.39,21.89,16.72,163,458,124,745,71
1726,286,225,56.47,18.97,24.57,54,161,70,285,61
1726,50,44,84.0,8.0,8.0,4,42,4,50,6
1726,643,569,44.11,12.65,43.23,81,283,277,641,74
1726,120,110,96.36,3.64,0.0,4,115,0,119,10
1726,40,35,85.0,7.5,7.5,3,34,3,40,5
1727,748,682,74.7,16.37,9.06,122,558,67,747,66
1727,606,550,4.88,12.2,82.93,73,29,502,604,56
1727,75,69,94.67,0.0,5.33,0,71,3,74,6
1727,166,153,47.56,26.83,26.51,44,78,43,165,13
1727,152,125,100.0,0.0,0.0,0,152,0,152,27
1727,171,157,96.49,0.58,2.92,1,164,5,170,14
1727,283,207,52.66,31.4,15.94,88,149,45,282,76
1727,238,217,57.6,29.03,13.36,69,137,31,237,21
1728,47,32,38.3,36.17,25.53,16,18,12,46,15
1728,295,254,62.6,12.6,24.8,37,184,73,294,41
1728,99,91,72.73,4.04,23.23,3,71,22,96,8
1728,400,356,87.5,10.0,2.5,40,350,10,400,44
1728,767,672,73.36,17.11,9.52,131,562,73,766,95
1729,778,602,67.87,18.03,14.1,140,528,109,777,176
1729,779,602,50.17,27.08,22.76,210,390,177,777,177
1729,126,126,50.0,35.71,14.29,44,63,18,125,0
1729,224,219,45.09,19.08,35.84,42,100,80,222,5
1730,455,345,42.86,22.8,34.35,103,194,156,453,110
1730,195,172,23.2,48.0,28.8,93,45,56,194,23
1730,470,450,38.36,13.3,48.34,62,180,227,469,20
1730,113,104,77.88,0.0,22.12,0,87,25,112,9
1730,200,183,72.13,15.3,12.57,30,144,25,199,17
1730,361,327,79.71,20.29,0.0,73,287,0,360,34
